Num Filters,Window Size,Mean Crossval,Validation
10,10,,
30,10,,
100,10,0.8079,0.83544
150,10,0.8063,0.8101
200,10,0.8159,0.8101
100,20,0.7937,0.8861
200,20,0.82857,0.8987
300,20,0.88608,0.7551
100,30,0.7952,0.8228
150,30,0.8302,0.9114
200,30,0.88095,0.8354
300,30,0.8841,0.88607
500,30,0.8921,0.8734
1000,30,0.9143,0.962
2000,30,0.9254,0.9747
1000,50,,
1500,50,,
2000,50,0.9413,0.962
